{
    "keyboard_name": "LM40",
    "manufacturer": "Emp",
    "maintainer": "Emp",
    "usb": {
        "vid": "0x2068",
        "pid": "0x0001",
        "device_version": "0.0.1"
    },
    "layouts": {
        "LAYOUT": {
            "layout": [


                {"x":0, "y":0, "w":1.5},
                {"x":1.5, "y":0},
                {"x":2.5, "y":0},
                {"x":3.5, "y":0},
                {"x":4.5, "y":0},
                {"x":5.5, "y":0},
                {"x":8.5, "y":0},
                {"x":9.5, "y":0},
                {"x":10.5, "y":0},
                {"x":11.5, "y":0},
                {"x":12.5, "y":0},
                {"x":13.5, "y":0},
                {"x":14.5, "y":0},
                {"x":15.5, "y":0, "w":1.5},


                {"x":0, "y":1, "w":1.75},
                {"x":1.75, "y":1},
                {"x":2.75, "y":1},
                {"x":3.75, "y":1},
                {"x":4.75, "y":1},
                {"x":5.75, "y":1},
                {"x":8.75, "y":1},
                {"x":9.75, "y":1},
                {"x":10.75, "y":1},
                {"x":11.75, "y":1},
                {"x":12.75, "y":1},
                {"x":13.75, "y":1},
                {"x":14.75, "y":1, "w":2.25},


                {"x":0, "y":2, "w":2.25},
                {"x":2.25, "y":2},
                {"x":3.25, "y":2},
                {"x":4.25, "y":2},
                {"x":5.25, "y":2},
                {"x":6.25, "y":2},
                {"x":9.25, "y":2},
                {"x":10.25, "y":2},
                {"x":11.25, "y":2},
                {"x":12.25, "y":2},
                {"x":13.25, "y":2},
                {"x":14.25, "y":2, "w":1.75},
                {"x":16.3, "y":2.25},

                {"x":0, "y":3, "w":1.5},
                {"x":1.5, "y":3, "w":1.5},
                {"x":3.25, "y":3, "w":1.5},
                {"x":4.75, "y":3, "w":2},
                {"x":6.75, "y":3, "w":1.25},
                {"x":8.75, "y":3, "w":2.75},
                {"x":11.5, "y":3, "w":1.5},
                {"x":15.3, "y":3.25},
                {"x":16.3, "y":3.25},
                {"x":17.3, "y":3.25}
            ]
        }
    }
}
