{
    "name": "LM40",
    "vendorId": "0x2068",
    "productId": "0x0001",

    "matrix": {
        "rows": 4,
        "cols": 15
        },

    "layouts": {
      "keymap": [
        
        [{"y":2.2,"x":13.25},"0,10"],
        [{"y":-0.95,"x":2.25},"0,0","0,1",{"x":10},"0,11","0,12",{"w":1.5},"0,13"],
        [{"x":1.75,"w":1.5},"1,0","1,1",{"x":9.4},"1,10","1,11",{"w":2.25},"1,12"],
        [{"x":1.5,"w":2},"2,0","2,1",{"x":8.85},"2,9","2,10","2,13",{"w":1.5},"2,11"],
        [{"x":1.25,"w":1.25},"3,0",{"w":1.25},"3,1",{"x":10.6},"3,12",{"x":1},"3,14"],
        [{"ry":0.25,"y":5,"x":15.35},"3,13"],
        [{"r":12,"ry":0,"y":1.25,"x":4.85},"0,2","0,3","0,4","0,5"],
        [{"x":5.1},"1,2","1,3","1,4","1,5"],
        [{"x":5.55},"2,2","2,3","2,4","2,5"],
        [{"x":6.8,"w":2},"3,4",{"x":0.05,"w":1.25},"3,5"],
        [{"y":-0.89,"x":5.5,"w":1.25},"3,2"],
        [{"r":-12,"y":-0.51,"x":8.3},"0,6","0,7","0,8","0,9"],
        [{"x":8.45},"1,6","1,7","1,8","1,9"],
        [{"x":8},"2,5","2,6","2,7","2,8"],
        [{"x":8,"w":2.75},"3,7"],
        [{"y":-0.9,"x":10.8,"w":1.25},"3,9"]

  
        
      ]
    }
  }